project,mode,city,year,mode_full,length_miles,at_grade_miles,elevated_miles,below_grade_miles,tunnel_miles,tunnel_pct,project_cost,cost_per_mile,hard_costs_row,hard_costs,soft_costs,soft_hard_pct,vehicles,avg_cost_per_vehicle,stations,avg_cost_per_station,vehicle_costs,row_costs,systems_costs,sitework_costs,facilities_costs,station_costs,guideway_costs,soft_costs_pct,vehicle_costs_pct,row_costs_pct,systems_costs_pct,sitework_costs_pct,facilities_costs_pct,station_costs_pct,guideway_costs_pct,soft_costs_per_mile,row_costs_per_mile,system_costs_per_mile,sitework_costs_per_mile,facility_costs_per_mile,guideway_costs_per_mile,length_km,at_grade_km,elevated_km,below_grade_km,tunnel_km,cost_per_km,soft_costs_per_km,row_costs_per_km,system_costs_per_km,sitework_costs_per_km,facility_costs_per_km,guideway_costs_per_km,vehicle_costs_per_km,row_costs_per_km_direct,systems_costs_per_km,sitework_costs_per_km_direct,facilities_costs_per_km,station_costs_per_km,guideway_costs_per_km_direct,soft_costs_per_km_direct,hard_costs_per_km,project_cost_2023,cost_per_mile_2023,hard_costs_+_row_2023,hard_costs_2023,soft_costs_2023,avg_cost_per_vehicle_2023,avg_cost_per_station_2023,vehicle_costs_2023,row_costs_2023,systems_costs_2023,sitework_costs_2023,facilities_costs_2023,station_costs_2023,guideway_costs_2023,soft_costs_per_mile_2023,row_costs_per_mile_2023,system_costs_per_mile_2023,sitework_costs_per_mile_2023,facility_costs_per_mile_2023,guideway_costs_per_mile_2023,cost_per_km_2023,soft_costs_per_km_2023,row_costs_per_km_2023,system_costs_per_km_2023,sitework_costs_per_km_2023,facility_costs_per_km_2023,guideway_costs_per_km_2023,vehicle_costs_per_km_2023,row_costs_per_km_direct_2023,systems_costs_per_km_2023,sitework_costs_per_km_direct_2023,facilities_costs_per_km_2023,station_costs_per_km_2023,guideway_costs_per_km_direct_2023,soft_costs_per_km_direct_2023,hard_costs_per_km_2023
Atlanta MARTA - North South Line,HRT,"Atlanta, GA",1984,Heavy Rail Transit,22.2,8.5,6.7,7.0,7.0,0.32,4039036247,181938570,2721543689,2520176519,793062910,0.31,169,3103134.0,18,48317796.0,524429647,201367170,287396272,208768083,68518862,869720334,1085772969,0.2,0.13,0.05,0.07,0.05,0.02,0.22,0.27,35723555,9070593,12945778,9403968,3086435,48908692,35.727348,13.67939,10.782578,11.26538,11.26538,113051667.14305243,22197643.133209888,5636219.195446581,8044153.503920862,5843369.33152721,1917826.5624417462,30390527.79400251,14678661.48363433,5636219.3465913,8044153.515116767,5843369.146794775,1917826.7023905609,24343265.948538918,30390527.978734948,22197642.825322494,70539143.26358621,4541840139.253032,204587394.01461414,3060338063.7180424,2833903478.9546366,891788223.0609292,3489431.0664206366,54332690.24907554,589713851.3495737,226434584.76340553,323173114.62871903,234756808.5997195,77048508.28181717,977988431.2302763,1220936617.3385909,40170641.235598035,10199755.796900025,14557347.485537143,10574631.352312064,3470653.272945344,54997144.59085507,127125028.90291308,24960941.277541123,6337850.172679499,9045538.845450398,6570787.622448994,2156569.322172657,34173726.24234473,16505950.885287477,6337850.342639636,9045538.858040037,6570787.414719936,2156569.4795431546,27373664.320964333,34173726.45007379,24960940.931326028,79320286.49186715
Atlanta MARTA - Line Dunwoody Extension,HRT,"Atlanta, GA",1999,Heavy Rail Transit,1.85,0.67,0.38,0.8,0.8,0.43,751683392,406315347,350035827,306672257,195248447,0.64,56,3685699.0,2,65517379.0,206399118,43363570,29775521,37324120,0,131034759,108537858,0.26,0.27,0.06,0.04,0.05,,0.17,0.14,105539701,23439767,16094876,20175200,0,58669112,2.9772790000000002,1.0782578,0.6115492,1.2874720000000002,1.2874720000000002,252473279.10820585,65579492.83557235,14564832.167223832,10000917.146159295,12536319.236457182,0.0,36455386.68025402,69324748.53717102,14564832.519894842,10000917.280510155,12536319.23645718,0.0,44011582.051934,36455386.94895574,65579492.88595392,103004205.18197991,845257530.0187621,456895962.14191234,393610423.87922645,344848691.93052363,219554165.76666787,4144517.3144554743,73673382.35250396,232092940.37286782,48761731.948702805,33482159.647717457,41970454.339004315,0.0,147346765.82949403,122049313.23879395,118677927.35026754,26357692.307022914,18098464.431309737,22686732.075137466,0.0,65972601.26443517,283902694.3603666,73743228.49756269,16377951.400588388,11245892.37284212,14096916.795169119,0.0,40993575.79158859,77954716.49545367,16377951.79716204,11245892.523917796,14096916.795169117,0.0,49490412.49728159,40993576.093739934,73743228.55421607,115826797.53241923
Baltimore MDMTA - Metro Sections A and B,HRT,"Baltimore, MD",1982,Heavy Rail Transit,15.0,6.0,3.0,6.0,6.0,0.4,2569356073,171290405,1829591852,1777199086,523330272,0.29,100,2164339.0,12,60472632.0,216433949,52392766,222453810,150313560,37896671,725671579,640863467,0.2,0.08,0.02,0.09,0.06,0.01,0.28,0.25,34888685,3492851,14830254,10020904,2526445,42724231,24.1401,9.65604,4.82802,9.65604,9.65604,106435187.71670374,21678877.67656306,2170362.3845800143,9215115.513191743,6226716.5421849955,1569864.043645221,26547672.33772851,8965743.679603647,2170362.4260048633,9215115.513191743,6226716.542184995,1569863.8779458245,30060835.663481094,26547672.420578208,21678877.552288514,73620203.97595702,2889205204.1009927,192613680.423331,2057350616.2604861,1998435678.8661916,588477619.4373693,2433769.133033177,68000634.44537771,243376968.40313685,58914937.39429457,250146218.45451525,169025509.68417168,42614279.98317894,816007607.722102,720642064.1467099,39231841.520721845,3927662.4179872307,16676414.563634349,11268367.31227811,2840952.2987415576,48042804.12651584,119684889.72083648,24377596.72954245,2440542.3453013226,10362269.354912167,7001856.2344054775,1765290.3045606012,29852488.67642378,10081854.192946047,2440542.39188299,10362269.354912167,7001856.234405477,1765290.1182339322,33802992.02248963,29852488.769587114,24377596.58979745,82784896.45304666
Boston MBTA - Orange Line,HRT,"Boston, MA",1983,Heavy Rail Transit,4.7,0.0,0.0,4.7,0.53,0.11,2325536328,494794963,1631846465,1559464803,483016325,0.31,120,1755613.0,9,48094000.0,210673538,72381662,138774998,281961550,0,432846003,705882253,0.21,0.09,0.03,0.06,0.12,,0.19,0.3,102769431,15400354,29526595,59991819,0,150187713,7.563898,0.0,0.0,7.563898,0.8529502,307452100.23984987,63858122.584413484,9569360.110355798,18347021.1391005,37277280.748629875,0.0,93322550.23798576,27852509.116331287,9569359.872383261,18347021.33741095,37277280.84117475,0.0,57225256.47490223,93322550.48917899,63858122.49186861,206172109.01045996,2615033288.6085396,556390060.9514928,1834988676.1576188,1753596502.9475808,543145146.1790973,1974162.425087648,54081034.75661512,236899466.27182344,81392173.210038,156050557.03803372,317061845.252611,0.0,486729316.18299437,793754785.5984278,115562797.22685905,17317484.092364468,33202245.819426503,67459966.90754695,0.0,168883996.48125622,345725614.8181818,71807571.56776011,10760612.482362004,20630970.34773665,41917784.25164785,0.0,104939911.0699145,31319759.503872663,10760612.214765193,20630970.570733994,41917784.355713286,0.0,64349005.788152404,104939911.3523778,71807571.46369468,231837671.9183126
Charlotte South Light Rail Line,LRT,"Charlotte, NC",2006,Light Rail Transit,9.6,6.8,1.0,1.8,0.0,0.0,604745916,62994366,417068873,368909746,117101159,0.32,16,4410993.0,8,11191375.0,70575884,48159127,82356012,6698869,36783538,89531001,153540327,0.19,0.12,0.08,0.14,0.01,0.06,0.15,0.25,12198037,5016576,8578751,697799,3831619,15993784,15.449663999999999,10.943512,1.60934,2.896812,0.0,39142981.59493954,7579527.632445599,3117163.557731741,5330601.985907266,433593.27426149853,2380863.583829396,9938101.333465893,4568117.727349929,3117163.389443292,5330602.141250451,433593.18364464113,2380863.2990335585,5795012.823579853,9938101.37230169,7579527.878405641,23878172.755083866,680028379.8835,70836289.29007639,468988152.71375424,414833883.550548,131678626.2302764,4960100.339838358,12584545.688637117,79361600.93946931,54154269.16320626,92608191.19616193,7532785.112883344,41362577.39113554,100676366.63358304,172653964.34127024,13716523.12054471,5641070.009048971,9646686.301812008,784665.2799129054,4308602.326966085,17984787.88193527,44015738.93029216,8523073.508733213,3505207.10915591,5994187.86695913,487569.6123335687,2677248.0190426414,11175256.864264399,5136784.912569575,3505206.919917887,5994188.041640384,487569.51043617167,2677247.6987936795,6516411.401153,11175256.907934714,8523073.785311863,26850673.48717409
Chicago CTA - O'Hare Blue Line Extension,HRT,"Chicago, IL",1981,Heavy Rail Transit,7.13,6.08,0.57,0.47,0.47,0.07,582510272,81738446,521708587,521708587,60801685,0.12,0,,4,47699461.0,0,0,104815402,12763206,53323689,190797844,160008447,0.1,,,0.18,0.02,0.09,0.33,0.27,8531756,0,14707806,1790946,7482435,22452551,11.4745942,9.7847872,0.9173237999999999,0.7563898,0.7563898,50790041.88052245,5301400.574148409,0.0,9139029.664334448,1112845.017212025,4649381.1127542965,13951403.059639355,0.0,0.0,9134562.858876526,1112301.2960231744,4647108.914753604,16627851.118255667,13944584.375803024,5298809.172702596,45466408.47656295,655024707.1592574,91913746.80994943,586654057.1874155,586654057.1874155,68370649.9718419,,53637381.13304793,0.0,0.0,117863463.1885596,14352047.80828874,59961747.37305974,214549524.53219172,179927275.4098018,9593841.077285308,0.0,16538723.4889914,2013893.892652323,8413894.192604346,25247581.63192235,57112696.39103573,5961351.285176102,0.0,10276711.875049027,1251378.7593997063,5228164.460340478,15688158.892416986,0.0,0.0,10271689.014375743,1250767.3524775926,5225609.405259816,18697787.546351027,15680491.377185417,5958437.290256582,51126344.597651705
Chicago CTA - Southwest Orange Line,HRT,"Chicago, IL",1990,Heavy Rail Transit,9.0,0.0,9.0,0.0,0.0,0.0,971388915,107932102,655424834,615559446,168002437,0.27,88,1681382.0,8,28312387.0,147961645,39865388,116497568,57995829,42261192,226499096,172305760,0.17,0.15,0.04,0.12,0.06,0.04,0.23,0.18,18666937,4429488,12944174,6443981,4695688,19145084,14.48406,0.0,14.48406,0.0,0.0,67066065.59210608,11599125.728559533,2752363.080517479,8043156.8220512755,4004114.1088893586,2917772.503013658,11896233.23847043,10215481.3636508,2752362.8043518187,8043156.960134107,4004114.1088893586,2917772.503013658,15637818.125580812,11896233.51463609,11599126.004725195,42499095.28129544,1092313337.9279256,121368149.0334871,737016119.014902,692188044.1196146,188916406.09209135,1890690.6969922867,31836885.794272427,166380813.9454183,44828074.8952873,130999896.5373879,65215503.88588404,47522123.20472377,254695086.3541794,193755433.01295346,20990711.288238548,4980897.71035908,14555543.809823964,7246167.09843156,5280235.911635974,21528380.946112115,75414858.90705948,13043055.717398778,3094994.041258578,9044418.090536471,4502570.680174208,3280994.6385698323,13377148.984125242,11487166.85414299,3094993.73071413,9044418.245808696,4502570.680174208,3280994.6385698323,17584509.20212837,13377149.29466969,13043056.027943227,47789642.13898691
Cleveland - Euclid Ave BRT,BRT,"Cleveland, OH",2007,Bus Rapid Transit,9.38,9.38,0.0,0.0,0.0,0.0,254722935,27156182,172938720,151218464,55385347,0.37,20,1319943.0,89,294267.0,26398868,21720256,12572134,42029088,2430787,26189768,67996687,0.22,0.1,0.09,0.05,0.16,0.01,0.1,0.27,5904669,2315611,1340324,4480749,259148,7249172,15.095609200000002,15.095609200000002,0.0,0.0,0.0,16874111.126300223,3669000.3355412777,1438857.5440863958,832840.7918774156,2784215.268370885,161027.50195732413,4504437.844085153,1748777.9161638601,1438845.939387461,832833.8282631215,2784192.902927031,161026.09492566882,1734926.2062242574,4504401.650779353,3668970.6434636633,10017380.683119431,286432401.1527844,30536749.336694095,194467187.7382736,170043061.65895855,62280053.148296855,1484257.5635162564,330899.1527992028,29685160.26621397,24424126.07931505,14137189.999143815,47261125.48169908,2733386.2068642285,29450030.22155958,76461329.74969184,6639718.247916743,2603872.395180278,1507175.7148319,5038539.992611728,291408.325261099,8151593.190183414,18974703.50373078,4125739.8982916865,1617975.3160800566,936517.8985372265,3130811.3839286463,181073.1885500261,5065177.768640197,1966476.468284166,1617962.2667573462,936510.068049709,3130786.2342977896,181071.60636247974,1950900.4129200415,5065137.069770714,4125706.5099629667,11264405.391400734
Denver - Southwest Corridor,LRT,"Denver, CO",1999,Light Rail Transit,8.46,7.04,1.13,0.3,0.0,0.0,288047943,34034353,181026178,118244413,53836177,0.46,18,2954755.0,5,6180588.0,53185588,62781765,18867059,2277059,650588,30902941,65546766,0.19,0.18,0.22,0.07,0.01,,0.11,0.23,6361022,7417990,2229241,269046,76870,7744689,13.615016400000002,11.3297536,1.8185542,0.48280199999999995,0.0,21148019.063715562,3952565.6480296273,4609336.7467409,1385189.5808219519,167177.8493046839,47764.922266270645,4812338.598431655,3906391.769017626,4611214.790751188,1385753.674156426,167246.1444849967,47784.591724766484,2269768.914857862,4814299.452478074,3954176.434190707,8684852.777702125,323905909.61355865,38271157.057260945,203561421.88786948,132964199.46830276,60538033.00828136,3322580.9425766687,6949985.3296527285,59806454.71740782,70597222.41956674,21215745.696638003,2560521.206842086,731577.1663874229,34749927.772749744,73706427.6256855,7152880.855607632,8341426.685537144,2506750.530250581,302538.48873307003,86439.24692770417,8708795.171709044,23780653.5954248,4444605.152178925,5183135.127155942,1557626.4370801577,187989.16868596448,53710.99141741594,5411407.8887674725,4392683.266794141,5185246.961550977,1558260.7521969639,188065.965667297,53733.10945019669,2552323.607392037,5413612.8418975305,4446416.458835947,9765996.276604025
"Mason Corridor Fort Collins, Co",BRT,"Fort Collins, CO",2013,Bus Rapid Transit,5.0,4.54,0.03,0.43,0.0,0.0,96617992,19323598,73506910,60095490,18029229,0.3,5,1016371.0,17,808749.0,5081853,13411420,15365555,19570437,3315052,13748741,8095705,0.19,0.05,0.14,0.16,0.2,0.03,0.14,0.08,3605846,2682284,3073111,3914087,663010,1619141,8.0467,7.3064036,0.048280199999999995,0.6920162,0.0,12007156.971180733,2240574.3969577593,1666698.1495519902,1909547.3920986243,2432106.950675432,411976.3381261884,1006090.0741919047,631544.9811724061,1666698.1495519904,1909547.3920986245,2432107.199224527,411976.58667528303,1708618.5641318802,1006090.0741919049,2240574.272683212,7468339.81632222,108645589.54269475,21729117.458744507,82657498.95124921,67576543.50658745,20273617.50288962,1142895.0675056279,909427.0133151271,5714473.088555928,15080955.44466177,17278353.100380115,22006684.48453334,3727729.912920249,15460268.222246004,9103507.786507731,4054723.7254751446,3016191.088932354,3455670.620076023,4401336.447112226,745545.5327896076,1820701.5573015462,13501881.180325171,2519494.7776573906,1874178.9111886574,2147259.510156973,2734870.4730586614,463261.66800651676,1131334.3092830267,710163.5563095341,1874178.9111886576,2147259.5101569733,2734870.752548665,463261.9474965202,1921317.8349194084,1131334.3092830267,2519494.637912389,8398044.354404593
Hartford New Britain Busway,BRT,"Hartford, CT",2012,Bus Rapid Transit,9.4,4.4,0.53,4.47,0.0,0.0,657676314,69965565,440299850,384759034,193445167,0.5,48,498569.0,10,3783409.0,23931297,55540816,19261300,152998809,0,37834089,174664835,0.29,0.04,0.08,0.03,0.23,,0.06,0.27,20579273,5908597,2049074,16276469,0,18581365,15.127796,7.0810960000000005,0.8529502,7.1937498,0.0,43474694.59529994,12787399.18227348,3671441.0876508383,1273238.718977966,10113754.085525744,0.0,11545953.620738937,1581942.0753690756,3671441.365285465,1273239.0098332895,10113754.111967137,0.0,2500965.044742803,11545953.885152867,12787399.235156264,25433912.11779958,739547876.9916521,78675305.70406318,495111063.5668155,432656187.6881868,217526402.46239066,560633.9131195334,4254390.851821234,26910410.962446027,62454875.87862863,21659064.223345757,172045034.87440675,0.0,42543907.39372624,196408180.072222,23141106.54923423,6644135.229339041,2304155.2420858396,18302663.236660883,0.0,20894486.763221018,48886690.01209389,14379252.705602441,4128484.490125791,1431739.2484408761,11372775.943343783,0.0,12983264.420955807,1778871.883415537,4128484.8023220715,1431739.575503646,11372775.973076763,0.0,2812300.443086768,12983264.718285598,14379252.765068397,28600080.784285225
Southeast Houston Light Rail,LRT,"Houston, TX",2011,Light Rail Transit,6.56,6.42,0.14,0.0,0.0,0.0,873067198,133089512,502148407,429235301,238208673,0.55,29,4576211.0,10,1569763.0,132710117,72913106,101997879,240232464,2039452,15697634,69267873,0.27,0.15,0.08,0.12,0.28,,0.02,0.08,36312298,11114803,15548457,36620803,310892,10559127,10.5572704,10.3319628,0.22530760000000002,0.0,0.0,82698194.29082729,22563471.982303303,6906435.557433482,9661387.276771845,22755168.57842345,193179.8128425317,6561153.6406228645,12570495.210580189,6906435.398301439,9661387.379071014,22755168.229848504,193179.8583088295,1486902.7130346117,6561153.629256289,22563471.804226972,40657791.714797795,981751933.2951839,149657307.02817285,564658906.556866,482669131.95299107,267862342.9916448,5145885.685212385,1765176.6823855038,149230682.62218696,81989774.60387497,114695197.7232092,270138067.85152596,2293335.436778979,17651771.32179946,77890760.74416356,40832674.55879248,12498441.538568845,17484023.858043324,41179584.144761406,349593.7343026903,11873591.597424068,92992970.42773612,25372310.735327825,7766190.822678144,10864095.752322894,25587870.89413139,217228.0153992881,7377926.104753545,14135347.203211442,7766190.643736373,10864095.867356887,25587870.5021637,217228.06652550824,1672001.4409974248,7377926.091971989,25372310.535083465,45719121.86250255
Los Angeles - Long Beach Blue Line,LRT,"Los Angeles, CA",1987,Light Rail Transit,22.59,18.23,3.64,0.72,0.62,0.03,2092551168,92625690,1399037107,1255716869,502835313,0.4,54,3531088.0,22,6223782.0,190678748,143320238,274961190,383651362,105441535,136923207,354739574,0.24,0.09,0.07,0.13,0.18,0.05,0.07,0.17,22257744,6343996,12171014,16982128,4667315,15702363,36.3549906,29.3382682,5.8579976,1.1587247999999999,0.9977908,57555078.47937664,13830355.300930817,3941986.1558154277,7562736.276983111,10552231.349497309,2900142.294356693,9757020.26917867,5244912.592550636,3942243.846983693,7563230.947445218,10552921.501786882,2900331.791036139,3766283.6584532084,9757658.251189316,13831259.60703728,34540426.1774173,2353044713.4071517,104156301.41484296,1573197787.8625455,1412036171.598472,565431322.8096321,3970659.393202199,6998556.382492526,214415602.73497432,161161616.2640735,309190037.6993025,431410625.9147654,118567541.0472377,153968243.7882939,398899722.0243864,25028523.867173485,7133735.355175849,13686136.132516513,19096166.977362808,5248330.867365391,17657089.01659224,64719886.04946311,15552042.369650593,4432708.660181099,8504191.862823589,11865837.534245595,3261169.713898487,10971633.723509166,5897831.334743196,4432998.430319317,8504748.112885015,11866613.60090588,3261382.800281557,4235133.643200389,10972351.125415679,15553059.249302406,38840229.31361924
Los Angeles - Red Line Segment 1,HRT,"Los Angeles, CA",1988,Heavy Rail Transit,3.35,0.51,0.0,2.84,2.46,0.73,3243546100,967566294,1888819789,1563826466,1229663234,0.79,30,4168769.0,5,153155542.0,125063077,324993323,197796647,44266832,122077045,765777712,433908230,0.38,0.04,0.1,0.06,0.01,0.04,0.24,0.13,366814795,96947161,59003746,13205021,36416203,129437031,5.391289,0.8207634,0.0,4.5705256,3.9589764,601219315.9928916,227928713.01278785,60240322.740999416,36663319.12461009,8205240.036288168,22628035.7165049,80428642.17629588,23197249.674428508,60281191.195649125,36688192.19299874,8210806.729151414,22643387.32351391,142039818.6778709,80483207.26267873,228083345.9308154,290065412.1862137,3647322521.9109125,1088014853.7269366,2123951608.4728124,1758501132.3878362,1382739221.0439088,4687722.817426283,172221278.95517585,140631692.39419124,365450476.08497614,222419581.260634,49777437.517304495,137273940.89969367,861106397.0248514,487923775.68535256,412478140.2594014,109015735.50954717,66348892.547854,14848862.636978261,40949514.287581645,145550142.893169,676062767.1759458,256302670.82120705,67739405.91145884,41227392.93614401,9226678.412876248,25444911.757354967,90440890.60929883,26084984.944081318,67785361.9208646,41255362.355947524,9232938.081654403,25462174.42613328,159721802.52716026,90502248.29078028,256476553.38897777,326174525.68167573
Los Angeles - Red Line Segment 2A and 2B,HRT,"Los Angeles, CA",1994,Heavy Rail Transit,6.65,0.0,0.0,6.65,6.65,1.0,3179375848,477911077,2043623925,1880895652,1030271090,0.55,30,3516028.0,8,154860063.0,105480832,162728273,165400492,110355367,3662300,1238880506,362596988,0.32,0.03,0.05,0.05,0.03,,0.39,0.11,154866235,24460664,24862341,16588178,550502,54504131,10.702111,0.0,0.0,10.702111,10.702111,296960913.7907465,96229656.25660208,15199189.72995141,15448780.866690693,10307441.559894118,342066.93427119195,33867381.03818957,9856077.179539625,15205249.973579979,15454940.80560368,10311551.337862222,342203.5148018928,115760386.52561162,33880884.62173491,96268025.06533524,175749966.7121748,3575163965.152216,537404365.7381037,2298026708.474554,2115041026.5184484,1158525525.5754511,3953724.632453777,174137989.13616267,118611729.97772446,182985681.95610583,185990555.0923866,124093076.85586596,4118205.464073513,1393103915.3382735,407735274.89233494,174144929.46440563,27505676.798641913,27957357.004029963,18653175.676111747,619031.8500350591,61289138.00037642,333928421.4262392,108208911.39498529,17091277.66577722,17371939.43108974,11590574.817075165,384649.5147296775,38083399.406201564,11083021.842861138,17098092.32553333,17378866.196807954,11595196.205296876,384803.09763872874,130170946.21222611,38098583.99827239,108252056.58728929,197628395.6051706
Los Angeles - Red Line Segment 3,HRT,"Los Angeles, CA",1998,Heavy Rail Transit,6.46,0.0,0.0,6.46,6.46,1.0,2169574332,336012920,1298121842,1164818278,771334893,0.66,30,3337253.0,3,147583967.0,100117597,133303564,99728959,65059609,53002,442751902,557224806,0.36,0.05,0.06,0.05,0.03,,0.2,0.26,119460526,20645395,15445527,10076110,8209,86300216,10.3963364,0.0,0.0,10.3963364,10.3963364,208789267.65009257,74229513.96224539,12828485.590366237,9597429.38098848,6261020.045484484,5100.848795158264,53624601.38938944,9630084.401655184,12822167.239605676,9592702.19459232,6257936.112956099,5098.1420724323625,42587300.46480605,53598189.26213277,74192952.52893126,112041226.17655967,2439656191.124715,377841859.79938734,1459719974.5399268,1309821969.0119052,867355369.8449496,3752694.6289478536,165956120.2820755,112580846.73983835,149898005.52802154,112143828.70877956,73158626.34800161,59600.012562276264,497868361.9707126,626591551.9718492,134331701.63948774,23215459.819500312,17368280.503206994,11330445.692216849,9230.906439827286,97043393.79131268,234780630.4443979,83470057.06655383,14425453.800626537,10792175.987179214,7040430.047234798,5735.833596273806,60300119.173892826,10828896.104192855,14418348.902986782,10786860.33175875,7036962.207956413,5732.789924177162,47888827.64227528,60270419.10377672,83428944.24279591,125988802.07569134
Los Angeles - East Side Extension,LRT,"Los Angeles, CA",2009,Light Rail Transit,6.0,4.09,0.21,1.7,1.7,0.28,1106528447,184421408,865324609,817746198,212923841,0.26,10,2828000.0,8,15531974.0,28279998,47578411,118921821,113541970,1554764,124255794,459471849,0.19,0.03,0.04,0.11,0.1,,0.11,0.42,35487307,7929735,19820304,18923662,259127,76578642,9.65604,6.5822006,0.33796139999999997,2.735878,2.735878,114594434.98577057,22050845.066921845,4927321.137857756,12315796.537711112,11758647.644375956,161014.45312985446,47583880.34846583,2928736.624951843,4927321.241419878,12315796.227024741,11758647.43725171,161014.66025410002,12868193.793729106,47583880.03777946,22050844.963359717,84687532.15603912,1244275863.96204,207379310.84775436,973045499.5442964,919544237.4543159,239429900.72842747,3180046.7062774473,17465488.953566816,31800464.813802265,53501262.08998044,133725935.35203896,127676367.65302432,1748310.5152895153,139723913.87750673,516669710.0564564,39904983.642152265,8916876.82758239,22287656.454249546,21279394.98366609,291384.71105288406,86111618.90498579,128859849.90602008,24795868.891689926,5540704.156724116,13848942.08448777,13222435.895252766,181058.51532484376,53507412.29633625,3293323.6413480327,5540704.273178283,13848941.735125262,13222435.66234443,181058.74823317997,14470105.123581378,53507411.94697374,24795868.775235754,95229953.21625799
Miami Dade - Metrorail,HRT,"Miami, FL",1982,Heavy Rail Transit,21.0,0.5,20.5,0.0,0.0,0.0,2971542172,141502008,2090932539,1752935731,577016878,0.33,136,2232300.0,21,27741554.0,303592755,337996808,297072448,149622988,110094662,582572628,613573006,0.19,0.1,0.11,0.1,0.05,0.04,0.2,0.21,27476994,16095086,14146307,7124904,5242603,29217762,33.79614,0.80467,32.99147,0.0,0.0,87925489.95240285,17073454.95669032,10001047.634433992,8790129.494078318,4427221.096847155,3257610.5732784867,18155120.73272273,8983060.04768592,10001047.693612346,8790129.523667496,4427221.215203866,3257610.5436893087,17237845.150363326,18155120.85107944,17073455.07504703,51867927.25441426,3341457884.240853,159117041.89251944,2351224587.586736,1971151873.2965345,648847461.9343691,2510190.333247223,31194992.017226998,341385834.71974754,380072714.29020184,334053840.0948297,168248971.06534302,123799917.70573863,655094825.6148503,689954319.940259,30897497.97316308,18098700.57339189,15907325.665254455,8011855.550828504,5895234.230010701,32854967.402014982,98870991.76837675,19198862.871216197,11246039.105093945,9884378.481398867,4978348.609261253,3663137.826693366,20415181.00713024,10101326.208251817,11246039.171639182,9884378.514671488,4978348.74235173,3663137.7934207465,19383717.359877497,20415181.140220717,19198863.004306678,58324763.51726956
Minneapolis - Hiawatha Corridor,LRT,"Minneapolis, MN",2002,Light Rail Transit,11.6,8.38,0.0,3.22,3.22,0.28,1012903450,87319263,794804984,720960764,105566839,0.15,26,4328139.0,17,3758367.0,112531627,73844220,156429860,22405318,55198752,63892236,423034597,0.1,0.11,0.07,0.15,0.02,0.05,0.06,0.42,9100590,6365881,13485333,1931493,4758513,36468500,18.668343999999998,13.4862692,0.0,5.1820748000000005,5.1820748000000005,54257809.41255421,5654858.513427865,3955584.8981570085,8379418.270843948,1200177.0912299452,2956810.2451936817,22660531.646513477,6027938.364538387,3955584.919583655,8379418.120857427,1200177.048376653,2956810.3094736207,3422490.821896147,22660531.485813636,5654858.245594789,38619427.8399841,1138995855.7105951,98189297.98363656,893747161.0686349,810710361.7091485,118708443.65419787,4866932.168055504,4226231.470767981,126540250.98776247,83036799.35948628,175903204.05107576,25194468.779702548,62070229.663446136,71845931.62959737,475696526.46084064,10233487.006605897,7158344.733594124,15164069.58617559,2171937.041318227,5350881.751212311,41008321.53743956,61012152.7978156,6358809.826764945,4448000.256996113,9422539.417510029,1349582.463194991,3324892.0372403036,25481452.979134034,6778332.935570637,4448000.281090079,9422539.24885227,1349582.4150070595,3324892.109522202,3848543.375330847,25481452.798429295,6358809.525590373,43427010.00737658
New Orleans - Canal Street Trolley,Trolley,"New Orleans, LA",2004,Street Trolley Line,5.43,5.43,0.0,0.0,0.0,0.0,207778935,38265531,123063257,123063257,46384570,0.38,0,,0,,38331108,0,7790671,298875,30900988,0,84072723,0.22,0.18,,0.04,,0.15,,0.4,8542397,0,1434766,55042,5690869,15483222,8.738716199999999,8.738716199999999,0.0,0.0,0.0,23777157.716828015,5308012.601439099,0.0,891524.4758720966,34201.59817067866,3536150.844445549,9620852.026296495,4386354.599775194,0.0,891512.0735926864,34201.24800482707,3536101.56146277,0.0,9620717.857847359,5307938.71072275,14082532.740907643,233644525.41746315,43029057.92804369,138382922.59074435,138382922.59074435,52158804.473336525,,,43102798.35338229,0.0,8760501.2918109,336080.7847732221,34747731.65138576,0.0,94538608.86277446,9605806.733933644,0.0,1613374.4316049747,61893.96421744104,6399303.11856663,17410668.006952796,26737083.48021157,5968786.417993491,0.0,1002506.8858072095,38459.22192789655,3976352.49143539,10818514.426381497,4932394.801124482,0.0,1002492.9396163366,38458.82817126183,3976297.073406019,0.0,10818363.55582465,5968703.328909633,15835612.397018269
The Tide Light Rail Project,LRT,"Norfolk, VA",2009,Light Rail Transit,7.34,6.17,0.97,0.2,0.0,0.0,399941045,54487881,257375300,237235407,95243827,0.4,9,5257991.0,10,127039.0,47321917,20139893,43604732,70985743,15603132,1270390,105771410,0.24,0.12,0.05,0.11,0.18,0.04,,0.26,12975998,2743855,5940699,9671082,2125767,14410274,11.8125556,9.9296278,1.5610598,0.32186800000000004,0.0,33857283.73121901,8062931.388022419,1704956.6903202555,3691388.39524277,6009346.688704686,1320893.6582698498,8954151.391253557,4006069.355559266,1704956.461749903,3691388.50868139,6009346.783519055,1320893.8462054732,107545.73718154605,8954151.293052962,8062931.530243972,20083326.168640427,449728148.11082405,61270865.101162486,289414948.74192715,266767918.8977156,107100360.09356755,5912537.8222017195,142853.59035317562,53212838.15084326,22647029.844211534,49032915.266870864,79822481.69017233,17545505.135860056,1428535.9035317563,118938480.90128057,14591329.455644535,3085426.8229324277,6680233.4822969325,10874997.33388936,2390395.454972875,16204152.889057828,38072045.12481047,9066654.31521278,1917200.1086982412,4150914.9603545135,6757426.854418184,1485326.5655317553,10068818.825765735,4504769.327887292,1917199.8516740557,4150915.087914665,6757426.961035623,1485326.7768627526,120933.68716349205,10068818.71534053,9066654.47513894,22583421.228317063
Phoenix - Central Phoenix/East Valley,LRT,"Phoenix, AZ",2008,Light Rail Transit,19.7,19.41,0.29,0.0,0.0,0.0,1654600193,83989858,1055539671,876713524,451883825,0.52,50,2943534.0,32,2385409.0,147176697,178826147,181850384,383450982,44771695,76333086,190307377,0.27,0.09,0.11,0.11,0.23,0.03,0.05,0.12,22938265,9077469,9230984,19464517,2272675,9660273,31.703998,31.2372894,0.4667086,0.0,0.0,52189007.91628867,14253212.49704848,5640491.754383785,5735881.79005058,12094720.195856687,1412178.2842655997,6002630.270794239,4642212.537358853,5640491.997255363,5735881.764817169,12094720.104385573,1412178.2054111913,2407680.1291748756,6002630.2360983,14253212.638986414,27653090.43988711,1860574927.141329,94445428.32164446,1186939693.8149683,985852176.2182086,508137082.5004613,3309963.083987157,2682359.276370078,165498150.82589954,201087517.59675977,204488230.08291692,431185301.38895077,50345148.94597188,85835494.59487027,213998001.20549875,25793760.27615603,10207487.763361257,10380113.247842934,21887578.91624165,2555591.459755692,10862842.763575302,58685814.26028338,16027539.411284149,6342654.605839199,6449919.375547078,13600344.809823684,1587974.8591072692,6749874.3357993355,5220103.496912267,6342654.878944914,6449919.347172458,13600344.706965689,1587974.7704365826,2707402.851680418,6749874.296784234,16027539.570891382,31095515.97303938
Pittsburgh - Light Rail Stage I,LRT,"Pittsburgh, PA",1985,Light Rail Transit,15.57,10.35,0.95,4.27,2.03,0.13,1399185439,89876730,920193029,866019377,334442909,0.39,55,2628173.0,12,7194551.0,144549501,54173652,151179091,25281234,93470862,86334616,509753574,0.24,0.1,0.04,0.11,0.02,0.07,0.06,0.36,21482953,3479847,9710995,1623941,6004104,32744040,25.0574238,16.656669,1.528873,6.8718818,3.2669601999999998,55846949.68123578,13348921.296929177,2162282.0535126203,6034147.53874259,1009072.6633278239,3730786.5336100515,20346253.743770737,5768729.545133846,2161980.1154498574,6033305.427032767,1008931.8918730983,3730266.23750523,3445470.5595073984,20343415.11197173,13347058.80658011,34561389.22789022,1573364585.1355426,101065134.09034209,1034744275.4635494,973826756.5068235,376076404.2444477,2955344.0212791082,8090172.634616378,162543905.42754546,60917518.95672583,169998787.26752776,28428396.362209838,105106685.58557773,97082076.11334096,573210811.1781672,24157282.153028008,3913039.6006716606,10919878.9478171,1826099.0906078161,6751531.5238144435,36820218.01704986,62799118.94959554,15010676.52144855,2431456.125288417,6785315.065689724,1134688.1893247021,4195217.619530021,22879079.633296788,6486856.219734188,2431116.600132127,6784368.122772772,1134529.893779816,4194632.553789418,3874383.770982113,22875887.63128025,15008582.176929446,38863801.97260437
Pittsburgh - Light Rail Stage II,LRT,"Pittsburgh, PA",2003,Light Rail Transit,5.45,1.62,1.75,2.08,0.0,0.0,568679879,104392093,325220052,320875696,142728873,0.44,28,3597534.0,11,5120605.0,100730953,4344356,70151223,30367023,25403368,56326653,138627429,0.25,0.18,0.01,0.12,0.05,0.04,0.1,0.24,26200621,797490,12877602,5574449,4663275,25447722,8.770903,2.6071308,2.816345,3.3474272000000003,0.0,64866400.51201113,16280351.572694397,495538.5437508544,8001790.796227025,3463810.6304447786,2897631.9485006277,15812520.660643494,11484673.014853772,495314.564532295,7998175.672447865,3462245.9055812154,2896322.9897765373,6421990.187327348,15805377.051826932,16272996.406413341,36584111.8069599,639472622.3975273,117387458.09973797,365705429.69518393,360820261.73595595,160496634.5383105,4045376.9969664537,5758049.174115215,113270557.0395468,4885167.959227959,78884075.54543307,34147295.42807691,28565734.348215666,63338538.666295156,155884617.74793518,29462234.269262277,896766.4242536073,14480684.52081042,6268390.446167472,5243787.94349928,28615609.804937813,72941366.0877987,18307029.135709222,557226.2071741256,8997902.569258466,3895006.925924585,3258346.8648634097,17780959.775397252,12914355.231102977,556974.3456549409,8993837.412799237,3893247.41455662,3256874.9589655325,7221438.735133105,17772926.886540093,18298758.35342273,41138325.40799459
Pittsburgh - Airport Busway,BRT,"Pittsburgh, PA",2008,Bus Rapid Transit,5.0,3.0,1.0,1.0,1.0,0.2,337009662,67401932,202685493,164900421,134324168,0.81,0,,6,780843.0,0,37785072,0,38864124,0,4685060,121351237,0.4,,0.11,,0.12,,0.01,0.36,26864834,7557014,0,7772825,0,24270247,8.0467,4.82802,1.60934,1.60934,1.60934,41881722.942324184,16693075.422222774,4695722.470080903,0.0,4829821.541750034,0.0,15080869.797556762,0.0,4695722.718629997,0.0,4829821.417475487,0.0,582233.7107137088,15080870.046105858,16693075.17367368,20492925.174295053,378962682.3291287,75792536.0160313,227917020.65943092,185428232.20113665,151045660.54521164,,878047.1040557994,0.0,42488788.45829427,0.0,43702167.43937705,0.0,5268284.873307007,136457779.8884526,30209132.55883677,8497757.241864413,0.0,8740433.71277263,0.0,27291555.527896076,47095415.52191041,18771131.369901184,5280274.672763004,0.0,5431067.2156117605,0.0,16958228.545798946,0.0,5280274.952253007,0.0,5431067.075866759,0.0,654713.7178355112,16958228.82528895,18771131.09041118,23044009.61899122
Pittsburgh - North Shore LRT Connector,LRT,"Pittsburgh, PA",2011,Light Rail Transit,1.2,0.0,0.56,0.64,0.61,0.51,614797693,512331411,478723023,467372927,136074670,0.29,0,,1,145307014.0,0,11350096,50804390,82945329,0,145307014,188316193,0.22,,0.02,0.08,0.13,,0.24,0.31,113395559,9458414,42336992,69121108,0,156930161,1.9312079999999998,0.0,0.9012304000000001,1.0299776,0.9816973999999999,318348770.9247269,70460908.81976463,5877200.591546846,26307052.580560975,42949972.03822685,0.0,97512123.60346478,0.0,5877200.177298355,26307052.373436734,42949971.727540486,0.0,75241514.11965983,97512123.49990267,70460908.40551613,242010662.23835033,691331463.4553124,576109553.0668412,538317387.7334981,525554362.48571426,153014075.72181422,,163395718.2707606,0.0,12763025.247783886,57128830.6520279,93270869.97438093,0.0,163395718.2707606,211758942.46405873,127511730.51783592,10635855.122810643,47607359.251518615,77725725.54089382,0.0,176465785.57412997,357978769.59924024,79232312.9468204,6608830.404271715,29581915.102786615,48296646.78743697,0.0,109651028.10725513,0.0,6608829.938455043,29581914.869878285,48296646.43807447,0.0,84608037.18230279,109651027.99080098,79232312.4810037,272137627.0633274
Portland - MAX Segment I,LRT,"Portland, OR",1984,Light Rail Transit,19.58,14.29,5.24,0.05,0.0,0.0,837980593,42795465,647654812,607082336,124171546,0.2,26,2544394.0,30,1028851.0,66154235,40572476,54804269,212770130,30440441,30865543,278201952,0.15,0.08,0.05,0.07,0.25,0.04,0.04,0.33,6341411,2072026,2798841,10866119,1554586,14207706,31.510877199999996,22.997468599999998,8.4329416,0.08046700000000001,0.0,26591935.203251023,3940379.907291188,1287500.4660295525,1739123.4916176817,6751910.099792462,965977.3571774765,8828281.158735879,2099409.501681534,1287570.5027976818,1739217.49788673,6752275.687203022,966029.6286515313,979520.2718126808,8828759.359323708,3940593.123189856,19265802.476612747,942297533.4844668,48122905.769753106,728278837.236683,682655651.710049,139629178.17209283,2861135.6998486915,1156928.65410193,74389518.07569103,45623185.52663394,61626639.01110085,239257054.84466913,34229852.948968515,34707874.24137727,312834229.5394471,7130828.558593201,2329964.4471786544,3147257.8159279623,12218799.835915415,1748110.3567627412,15976367.987644387,29902261.653692264,4430902.4560336545,1447776.3848401546,1955620.2020256515,7592429.092618971,1086228.1163475346,9927279.498206958,2360756.814338734,1447855.1402127882,1955725.9107690237,7592840.190582481,1086286.8948938218,1101456.9356824276,9927817.228123602,4431142.214349173,21664127.195737008
Portland - Westside/Hillsboro MAX,LRT,"Portland, OR",1996,Light Rail Transit,17.73,14.77,0.0,2.96,2.96,0.17,1673800743,94410330,1101489306,983939446,377411644,0.38,36,5413883.0,20,6175405.0,194899792,117549860,133725163,70269709,33746041,123508092,622690442,0.23,0.12,0.07,0.08,0.04,0.02,0.07,0.37,21287813,6630372,7542736,3963546,1903437,35122705,28.5335982,23.769951799999998,0.0,4.7636464,4.7636464,58664005.12011135,13227666.621099332,4119932.3946462525,4686850.5101470165,2462839.424857395,1182743.8577304983,21824291.32439385,6830536.78102189,4119699.842132073,4686586.040172108,2462700.5857256376,1182677.374352317,4328514.445822679,21823060.57705684,13226920.816457,34483538.98808318,1882165678.8337674,106163104.29811418,1238609419.924021,1106426235.6537328,424394149.7216961,6087836.210156105,6944157.1181680625,219162108.0635642,132183184.27028821,150372087.74560282,79017311.40612613,37946954.21921983,138883133.3674724,700206750.0397977,23937849.93440602,7455761.188116765,8481701.82925047,4456952.405402812,2140388.4591430784,39494993.75912462,65966858.64895807,14874327.323254267,4632806.733267529,5270298.277089036,2769428.7132630837,1329979.0343513978,24541112.356074303,7680843.703180912,4632545.231196541,5270000.884276937,2769272.590588527,1329904.2747163882,4867354.3516664645,24539728.39779449,14873488.676296566,38776260.45963361
Portland - Interstate MAX,LRT,"Portland, OR",2002,Light Rail Transit,5.75,5.01,0.74,0.0,0.0,0.0,516990878,89911457,344175581,331529310,63436201,0.19,24,4557462.0,10,1760778.0,109379097,12646271,54505789,52433222,21548065,17607778,185434456,0.12,0.21,0.02,0.11,0.1,0.04,0.03,0.36,11032383,2199351,9479268,9118821,3747490,32249471,9.253705,8.0627934,1.1909116,0.0,0.0,55868528.092261426,6855222.016478805,1366616.7497234892,5890158.69859694,5666186.759789728,2328588.1168677844,20038942.05077858,11820032.840899942,1366617.0469017546,5890158.482467293,5666186.894870757,2328587.846705725,1902781.4264664801,20038941.807632726,6855221.881397775,35826656.45814298,581349058.967251,101104184.11932686,387020658.67757314,372800102.65202785,71333126.60848802,5124802.695220873,1979970.3958224156,122995274.8056759,14220556.025545262,61291002.398339294,58960429.60417758,24230499.692327563,19799701.709251944,208518469.24793148,12405761.393755766,2473139.640557995,10659305.156054175,10253987.512794774,4214000.435398752,36264082.04835221,62823383.57297206,7708601.907462541,1536741.546570641,6623401.615602778,6371548.282398234,2618464.9827872,22533511.90447774,13291462.695825715,1536741.8807434712,6623401.372567993,6371548.434294974,2618464.678993718,2139651.2758135195,22533511.63106361,7708601.7555658,40286577.39273381
Portland - South Corridor/Portland Mall,LRT,"Portland, OR",2006,Light Rail Transit,8.37,7.5,0.74,0.13,0.12,0.01,751765853,89815896,509580142,481967233,131520458,0.27,22,5030239.0,22,1984438.0,110665254,27612909,101585412,232849325,9491101,43657627,94383768,0.17,0.15,0.04,0.14,0.31,0.01,0.06,0.13,15713174,3299003,12136738,27819261,1133932,11276334,13.470175799999998,12.07005,1.1909116,0.20921420000000002,0.19312079999999998,55809149.09217443,9763737.929834591,2049910.5223259225,7541438.105061702,17286130.33914524,704594.4300147886,7006806.516957262,8215576.072882435,2049929.3706322678,7541506.02845139,17286287.013418194,704601.1233201575,3241058.4426077055,7006869.798982135,9763826.393416485,35780322.40677958,845350256.2675055,100996727.10260175,573015789.3039229,541965456.8017344,147892927.60643613,5656433.862708048,2231472.9581724913,124441540.48163263,31050332.502188433,114231384.3127431,261835830.63125068,10672611.200140236,49092394.95941986,106133235.6981806,17669245.83587851,3709683.035413514,13647593.246765323,31282372.45902498,1275090.778551131,12680080.903671993,62756612.712417364,10979187.639578031,2305095.8998182574,8480242.36442599,19438013.383762896,792306.6465452489,7879056.57205562,9238301.142412161,2305117.0944768544,8480318.74333393,19438189.56180592,792314.1730741359,3644525.1857381,7879127.731813316,10979287.115646712,40234475.3957654
Portland - Wilsonville to Beaverton,CRT,"Portland, OR",2007,Commuter Rail Transit,14.78,14.4,0.0,0.38,0.38,0.03,146675767,9923986,96150687,90844776,27663922,0.3,4,5715289.0,5,439371.0,22861158,5305911,15862844,40148496,6806203,2196856,25830377,0.19,0.16,0.04,0.11,0.27,0.05,0.01,0.18,1871723,358994,1073270,2716421,460503,1747666,23.7860452,23.174496,0.0,0.6115492,0.6115492,6166494.339294369,1163037.6427603862,223069.08422086074,666900.7170641382,1687909.9506630048,286144.00934544596,1085952.0051698212,961116.3944143181,223068.22993845146,666897.076273949,1687901.2741470784,286142.69176617893,92359.02738467847,1085946.687766321,1163031.5913130443,3819246.757338206,164934862.00108498,11159384.367907885,108120111.56317672,102153688.36680074,31107695.911886923,6426763.069262279,494066.58464774693,25707054.526021328,5966423.196375982,17837547.671284642,45146425.907635525,7653480.704528176,2470334.04772484,29045900.03562756,2104726.50679411,403683.7649481492,1206877.202420932,3054577.6711148834,517829.2250286009,1965226.1340074546,6934137.204013997,1307819.6694260442,250838.08576692882,749920.5900685574,1898031.2868100484,321764.9626732704,1221137.9410239318,1080762.0312611416,250837.12513822943,749916.4960505768,1898021.5301884455,321763.48107369174,103856.44300906482,1221131.9616775787,1307812.8646575902,4294689.911999358
Sacramento - Stage I,LRT,"Sacramento, CA",1985,Light Rail Transit,21.2,20.25,0.95,0.0,0.0,0.0,412088111,19438118,277021150,233182435,47933485,0.21,36,2420374.0,28,923680.0,87133476,43838715,49142366,30606077,10020350,25863029,117550614,0.12,0.21,0.11,0.12,0.07,0.02,0.06,0.29,2261013,2067864,2318036,1443683,472658,5544840,34.118007999999996,32.589135,1.528873,0.0,0.0,12078316.576981869,1404931.8354107896,1284914.312699616,1440364.3729727715,897065.256564803,293696.79495942435,3445412.4050853145,2553885.2092419937,1284914.2599415537,1440364.4550408688,897065.1803587127,293696.8066834383,758046.2786690244,3445412.5809455235,1404932.1109251163,6834585.2723875325,463387355.0500867,21857893.607543267,311506434.0971325,262210408.19784474,53900537.86939513,2721676.9330479386,1038665.3259032364,97980383.08355905,49296025.89928774,55259907.757065356,34416108.329534635,11267744.346975679,29082616.75594346,132184032.13281174,2542477.702793667,2325284.336007676,2606599.27398605,1623401.4742074767,531497.3536406243,6235095.537070524,13581899.168319479,1579826.3280560148,1444868.2913540183,1619669.7242261113,1008737.4167096305,330257.9651538049,3874318.377142508,2871808.43276545,1444868.2320283104,1619669.8165105465,1008737.3310169408,330257.9783372957,852412.507668779,3874318.5748948697,1579826.6378680472,7685396.175469704
Sacramento - Folsom Corridor,LRT,"Sacramento, CA",2002,Light Rail Transit,12.89,12.75,0.14,0.0,0.0,0.0,404098832,31344819,273496716,260977678,76849000,0.29,14,3839508.0,10,3125843.0,53753116,12519038,94281659,27070504,12565322,31258427,95801766,0.19,0.13,0.03,0.23,0.07,0.03,0.08,0.24,5960963,971067,7313165,2099783,974657,7431076,20.7443926,20.519085,0.22530760000000002,0.0,0.0,19476815.96182286,3703979.892378242,603394.5592603179,4544201.349621584,1304747.9090807412,605625.2873848907,4617468.0303727,2591211.8535589227,603490.2173997613,4544922.612002628,1304955.2484848362,605721.3745559365,1506837.4188020332,4618200.583033701,3704567.373064468,12580637.236879135,454403521.82184,35246813.44406392,307543257.0344761,293465772.7495885,86415632.71948923,4317473.39785216,3514967.0213898215,60444632.06787467,14077484.284887625,106018415.54643686,30440405.61614939,14129529.999793334,35149666.8404399,107727754.74676901,6703020.068738236,1091951.3489832822,8223552.429530944,2361176.8080082666,1095988.25410193,8356141.710713362,21901408.927923195,4165073.9239304536,678508.7980061903,5109891.278120809,1467170.8949061518,681017.2207873601,5192278.6426195605,2913781.7256637663,678616.3642548698,5110702.327646694,1467404.0451851736,681125.2694761154,1694417.7406495814,5193102.387908384,4165734.5377993486,14146751.770865947
Sacramento - South Corridor,LRT,"Sacramento, CA",2002,Light Rail Transit,6.3,6.18,0.12,0.0,0.0,0.0,337126232,53512100,189354268,159926729,56030067,0.35,24,3822579.0,6,5636929.0,91741897,29427539,40484735,11866752,0,33821572,73753671,0.17,0.27,0.09,0.12,0.04,,0.1,0.22,8893661,4671038,6426148,1883611,0,11706932,10.138842,9.9457212,0.19312079999999998,0.0,0.0,33250960.020878125,5526278.474405657,2902455.66505524,3993033.1688766824,1170424.521853679,0.0,7274368.374613196,9048557.71497376,2902455.6256030025,3993033.4253162243,1170424.7881562805,0.0,3335841.706577536,7274368.31543484,5526278.740708258,15773668.136854287,379093763.67444366,60173612.924678005,212926243.37799755,179835384.65423477,63005031.83021736,4298436.972572609,6338648.338037421,103162488.46622872,33090858.723762777,45524521.99125364,13343997.741093108,0.0,38031887.77925231,82934978.26712182,10000798.221286489,5252517.329136066,7226114.137712661,2118094.397615972,0.0,13164282.371716425,37390242.53711335,6214223.359443304,3263771.067105811,4490110.317094375,1316126.1123292604,0.0,8179926.163344244,10174977.425057882,3263771.0227423185,4490110.605457077,1316126.4117828356,0.0,3751107.649103548,8179926.096799005,6214223.658896879,17737270.652233735
South Corridor Light Rail Extension Phase 2,LRT,"Sacramento, CA",2013,Light Rail Transit,3.89,0.0,3.89,0.0,0.0,0.0,298556674,76749788,222037341,177729794,76519333,0.43,0,,4,4517135.0,0,44307547,42591866,74815484,0,18068542,42253903,0.26,,0.15,0.14,0.25,,0.06,0.14,19670780,11390115,10949066,19232772,0,10862186,6.2603326,0.0,6.2603326,0.0,0.0,47690225.8068525,12222886.400636286,7077506.928306013,6803451.104179353,11950720.171001777,0.0,6749466.240819218,0.0,7077506.872398441,6803450.985974771,11950720.317958826,0.0,2886195.2158899675,6749466.15456182,12222886.20895318,28389832.514649462,335722831.6092113,86304070.20399305,249677904.85065502,199854683.8815662,86044926.75855629,,5079455.544045466,0.0,49823220.96908882,47893961.52316492,84128972.23223235,0.0,20317824.425154075,47513926.82550097,22119518.79381481,12808026.057238808,12312072.584906077,21626984.883728825,0.0,12214377.23206259,53626996.28667221,13744465.926289542,7958558.202268512,7650386.23591415,13438418.782686582,0.0,7589681.007159823,0.0,7958558.1394012235,7650386.102994739,13438418.947937742,0.0,3245486.4179507135,7589680.910164578,13744465.710744552,31923972.199426945
Salt Lake City - North South Corridor,LRT,"Salt Lake City, UT",1998,Light Rail Transit,15.05,15.0,0.05,0.0,0.0,0.0,490313509,32578561,320406369,262866473,69747304,0.27,23,4354775.0,16,1547011.0,100159836,57539896,51674232,9000250,24236418,24752177,153203396,0.14,0.2,0.12,0.11,0.02,0.05,0.05,0.31,4634314,3823201,3433461,598016,1610373,10179500,24.220567000000003,24.1401,0.08046700000000001,0.0,0.0,20243429.604682665,2879636.3726745127,2375632.868132278,2133459.057750382,371590.8384803708,1000641.8780369592,6325263.772726708,4135321.687555869,2375662.6341571603,2133485.6446589376,371595.3470453437,1000654.443803896,1021948.7016963722,6325343.085485984,2879672.635244253,10853027.222690532,551350728.1961766,36634139.1808023,360292510.0455327,295589696.4831752,78429874.24219655,4896883.979960881,1739592.3745137837,112628343.90844741,64702813.56235745,58106955.89498468,10120656.070782743,27253515.28743403,27833479.116706643,172275090.11326712,5211221.701398678,4299136.402930213,3860879.1881831936,672460.6828505,1810842.0631287594,11446706.310661696,22763455.317585036,3238111.089886959,2671366.151919553,2399045.067035675,417848.73479221296,1125207.8884068993,7112671.225882472,4650111.779317446,2671399.6234009485,2399074.963644933,417853.80461088056,1125222.0184372244,1149167.115563671,7112760.411978263,3238151.866642781,12204078.314234972
Salt Lake City - Weber Co. Commuter Rail,CRT,"Salt Lake City, UT",2008,Commuter Rail Transit,44.0,43.62,0.38,0.0,0.0,0.0,681906351,15497872,534433234,460206695,43580671,0.09,54,1923934.0,8,3261166.0,103892446,74226539,68284616,169819755,9606187,26089327,186406810,0.06,0.15,0.11,0.1,0.25,0.01,0.04,0.27,990470,1686967,1551923,3859540,218322,4236518,70.81096,70.1994108,0.6115492,0.0,0.0,9629955.136888415,615451.0544695341,1048235.3014279145,964322.641579778,2398212.932009395,135659.33861085912,2632456.783526166,1467180.3065514152,1048235.1743289458,964322.6980682088,2398212.861398857,135659.6069309045,368436.28443958395,2632457.037724104,615450.9273705652,6499088.488561658,766794216.9332472,17427141.728397977,600962745.9359634,517496034.17311877,49005859.00668708,2163437.050846957,3667135.854640735,116825611.99059674,83466711.76284459,76785101.90955456,190959954.93231723,10802023.808074694,29337085.71263977,209611867.8105325,1113769.7528877736,1896970.9518913531,1745115.8502638666,4339999.103516994,245500.05551906113,4763905.626585969,10828750.747758694,692066.1593496548,1178726.031721919,1084367.4116494132,2696757.1200100626,152547.0413455585,2960161.0763331354,1649823.868940581,1178725.8888008946,1084367.4751698687,2696757.040609494,152547.34306772138,414301.4826043846,2960161.362175185,692066.0164286303,7308134.703626653
Salt Lake City - Mid Jordan LRT,LRT,"Salt Lake City, UT",2011,Light Rail Transit,10.6,10.4,0.2,0.0,0.0,0.0,578868132,54610201,391069751,324351187,58824235,0.18,28,4606220.0,10,1625685.0,128974147,66718564,87413957,148484948,15092461,16256852,57102969,0.1,0.22,0.12,0.15,0.26,0.03,0.03,0.1,5549456,6294204,8246600,14008014,1423817,5387073,17.059003999999998,16.737136,0.32186800000000004,0.0,0.0,33933290.04436602,3448280.66163769,3911046.7645121603,5124212.410056297,8704197.994208805,884721.0657785179,3347380.2925422844,7560473.460232497,3911046.858304272,5124212.234196088,8704197.97076078,884721.1126745736,952977.7940142344,3347380.0111659514,3448280.7437057877,19013489.122811627,650929171.3350703,61408412.241583936,439752501.27025867,364728403.0751522,66147034.922574446,5179630.388751522,1828060.194375761,145029636.26672325,75024098.19510646,98295780.0709082,166969260.8978706,16971262.69189209,18280604.19272982,64211495.22175148,6240286.164933387,7077744.943012141,9273187.117393069,15751817.108270288,1601062.4332361515,6057688.737668376,38157513.1678725,3877543.691782586,4397917.744548785,5762105.656600264,9787749.703773152,994856.5456871459,3764082.628697712,8501647.356828291,4397917.850016711,5762105.458847904,9787749.677406173,994856.5984211089,1071610.288193251,3764082.312293935,3877543.7840670217,21380404.33516237
Draper Light Rail Line,LRT,"Salt Lake City, UT",2012,Light Rail Transit,3.8,3.71,0.0,0.09,0.0,0.0,167373790,44045734,126086062,113019915,18522584,0.16,5,4553029.0,3,1509946.0,22765143,13066147,30560455,63137896,0,4529839,14791725,0.11,0.14,0.08,0.18,0.38,,0.03,0.09,4874364,3438460,8042225,16615236,0,3892559,6.115492,5.9706513999999995,0.0,0.14484059999999999,0.0,27368818.27332944,3028796.8981072986,2136565.3000608943,4997219.357003492,10324254.663402388,0.0,2418730.0384008354,3722536.6331932084,2136565.1365417535,4997219.357003492,10324254.532587076,0.0,740715.3831613221,2418730.169216148,3028797.028922612,18480919.44196804,188209501.2753441,49528815.88835664,141782024.81279844,127089324.05923164,20828388.345455214,5119817.848315312,1697913.2970144295,25599086.992604345,14692700.753566815,34364807.024430744,70997686.78079492,0.0,5093741.015529394,16633089.238476582,5481154.591017456,3866500.4942244524,9043370.269587038,18683602.021153633,0.0,4377128.510233605,30775855.871572595,3405840.0282211686,2402537.9933540784,5619303.732950799,11609480.918360092,0.0,2719828.3210717468,4185940.721139746,2402537.8094790764,5619303.732950799,11609480.77126009,0.0,832924.1564749646,2719828.4681717483,3405840.1753211706,20781537.128857605
San Diego - Mission Valley East,LRT,"San Diego, CA",2003,Light Rail Transit,5.49,0.0,3.44,2.05,0.62,0.11,742242977,135284025,507348920,457659446,177138274,0.39,11,5250526.0,4,24725940.0,57755783,49689474,45167260,76231697,0,98903758,237356730,0.24,0.08,0.07,0.06,0.1,,0.13,0.32,32285895,9056592,8232356,13894279,0,43261539,8.8352766,0.0,5.5361296,3.2991469999999996,0.9977908,84061804.83925088,20061574.931338314,5627519.355760747,5115361.576795457,8633526.166005941,0.0,26881540.880112343,6536952.4480987955,5623986.237171114,5112150.082545237,8628105.315910539,0.0,11194189.21191443,26864663.184398778,20048978.885392223,51799107.90795163,834641914.521364,152125006.40495256,570506811.1666974,514631688.0654389,199189527.86045685,5904143.5334243635,27803975.97475735,64945575.494209684,55875123.101258434,50789956.292283274,85721484.07312247,0.0,111215901.6500572,266904344.92548987,36305040.33025796,10184011.866937298,9257169.937306711,15623923.681064323,0.0,48646999.5068753,94526331.54271476,22558962.264193993,6328067.323832937,5752153.017576592,9708280.214910662,0.0,30227919.2133889,7350712.200024353,6324094.381069907,5748541.736914413,9702184.54429853,0.0,12587710.23083275,30208940.479066595,22544798.185543716,58247377.11838461
San Francisco BART - SFO Extension,HRT,"San Francisco, CA",2003,Heavy Rail Transit,8.61,1.51,1.37,5.73,5.73,0.67,2252562096,261712573,1819792982,1485664135,432769115,0.29,0,,6,79881565.0,0,334128847,236783930,17288911,102616541,479289393,649685361,0.19,,0.15,0.11,0.01,0.05,0.21,0.29,50281019,38820559,27510599,2008702,11922441,75483303,13.8564174,2.4301034,2.2047958000000003,9.2215182,9.2215182,162621057.70067233,31243254.37757093,24122036.984105285,17094336.18750544,1248152.6588539402,7408279.7917158585,46903266.55647657,0.0,24113653.432524342,17088394.72459887,1247718.6924233388,7405705.099501405,34589705.20042215,46886965.241101936,31232395.972713698,107218488.88587898,2532974778.666981,294292151.96607,2046331923.0961506,1670608677.20696,486642856.6953168,,89825709.92593275,0.0,375723245.8891907,266260239.284275,19441140.19825811,115390874.5461933,538954262.9290549,730562161.373665,56540307.23452042,43653179.20219212,30935286.328737497,2258757.4890356865,13406619.24782079,84879925.41870317,182865119.84171775,35132605.43733482,27124895.424330547,19222343.525132973,1403530.3223903505,8330507.691240379,52742071.54405109,0.0,27115468.23706326,19215662.432648353,1403042.3331688975,8327612.485619356,38895642.89027948,52723740.941411376,35120395.31194527,120565701.00197473
Santa Clara VTA - North Corridor,LRT,"San Jose, CA",1986,Light Rail Transit,15.58,15.58,0.0,0.0,0.0,0.0,838931838,53853525,484289961,349257402,217151798,0.62,50,2749802.0,22,552234.0,137490079,135032559,82047516,39525524,52639226,12149148,162895989,0.26,0.16,0.16,0.1,0.05,0.06,0.01,0.19,13939618,8668141,5266874,2537261,3379068,10456777,25.0735172,25.0735172,0.0,0.0,0.0,33463112.207488783,8661698.584512906,5386146.494836393,3272691.910969714,1576584.8111648252,2099660.730485789,6497556.141026757,5483477.962158416,5385465.386563318,3272277.8916712967,1576385.3026571,2099395.3732187203,484541.03598995676,6496734.690257177,8660603.78637266,13929334.253911532,943367195.2698674,60557540.5932391,544577332.1645274,392735095.7825737,244184179.6294645,3092114.1418016753,620979.4599697383,154605683.47587556,151842236.38195372,92261291.73056795,44445902.54953685,59192078.239849426,13661548.119334243,183174276.26777133,15674906.75660036,9747204.114780232,5922526.632276636,2853114.740458353,3799715.0154482042,11758500.444528913,37628804.72320274,9739959.708079312,6056646.895485251,3680096.5813790965,1772847.71425451,2361039.317638413,7306411.600114901,6166094.778114159,6055880.998695855,3679631.0224306285,1772623.3697096491,2360740.9270786084,544859.6625021655,7305487.890138178,9738728.622782309,15663342.827011667
Santa Clara VTA - Tasman West,LRT,"San Jose, CA",1999,Light Rail Transit,7.46,7.11,0.0,0.36,0.0,0.0,585304502,78436745,321510205,261432574,215945841,0.83,10,4784846.0,11,1446170.0,47848455,60077631,40694153,21651209,0,15907866,183179347,0.37,0.08,0.1,0.07,0.04,,0.03,0.31,28938935,8051012,5453430,2901482,0,24547892,12.0056764,11.4424074,0.0,0.5793623999999999,0.0,48738454.89455305,17981865.236680876,5002679.359240434,3388612.7232281556,1802901.8106801547,0.0,15253390.831023898,3985485.982280848,5004102.142883011,3389576.0342166144,1803414.3415692928,0.0,1325028.717249117,15257728.169318305,17986978.30969357,21775747.179059397,658166779.969753,88201029.91102335,361533758.2902535,293977296.9810237,242828097.73916668,5380492.843827729,1626198.0711517879,53804922.81584677,67556461.30922979,45760009.62248957,24346483.687190462,0.0,17888174.284725245,205982630.51110452,32541430.31468428,9053251.128995828,6132306.262169243,3262676.1942798095,0.0,27603763.472650107,54805715.33114405,20220357.609134354,5625443.429602091,3810447.92409885,2027338.0356418218,0.0,17152226.05083457,4481623.610631947,5627043.330039263,3811531.153920621,2027914.3695052832,0.0,1489976.3818992525,17157103.327481367,20226107.188693397,24486525.139143653
"San Juan, PR - Tren Urbano",HRT,"San Juan, PR",2002,Heavy Rail Transit,10.69,4.28,5.56,0.85,0.83,0.08,3360928202,314472814,2318245187,2318245187,790365636,0.34,74,3409694.0,16,57261787.0,252317379,0,291656806,16806385,253043030,916188593,840550373,0.24,0.08,,0.09,0.01,0.08,0.27,0.25,73952340,0,27289526,1572527,23676541,78647988,17.2038446,6.8879752000000005,8.947930399999999,1.367939,1.3357522,195404833.03714567,45951967.88745697,0.0,16956967.452496056,977125.4054457106,14711957.075571353,48869715.53556116,14666336.790789194,0.0,16953001.656385574,976897.0477680321,14708516.374299265,53254874.959751725,48858286.76922599,45941221.53370299,134751576.8074306,3779317064.6411185,353620309.89197326,2606834501.8609953,2606834501.8609953,888755175.9252758,3834153.526914418,64390083.85605048,283727386.8548474,0.0,327964025.91361403,18898546.415728677,284543371.3217699,1030241342.8212938,945187215.388589,83158378.79721002,0.0,30686692.81194228,1768284.761981031,26623941.380160164,88438569.72940177,219730019.69252816,51672349.40858365,0.0,19067874.29128853,1098763.9417283053,16543391.315794153,54953316.09815314,16492091.9394289,0.0,19063414.808665153,1098507.1566926776,16539522.295020608,59884366.940939106,54940464.60920654,51660265.28310281,151526275.8105241
St. Louis - St. Clair County Extension,LRT,"St. Louis, MO",1983,Light Rail Transit,17.4,17.4,0.0,0.0,0.0,0.0,953843456,54818589,599841765,544719538,185068168,0.34,24,7038897.0,8,3434313.0,168933523,55122227,121214708,23462822,35920548,27474503,336646958,0.19,0.18,0.06,0.13,0.02,0.04,0.03,0.35,10636102,3167944,6966363,1348438,2064399,19347526,28.002515999999996,28.002515999999996,0.0,0.0,0.0,34062776.666210994,6608983.807026483,1968474.0328333355,4328708.041805957,837882.6102625921,1282761.2561671245,12022025.17802329,6032798.017149603,1968474.0828288433,4328707.748975128,837882.6388314536,1282761.4490069393,981144.0871955935,12022025.37800532,6608983.564191162,19452521.26630336,1072583713.0682806,61642741.65213123,674513730.2248588,612529551.860634,208106583.48133,7915141.874355094,3861837.2503450564,189963399.36209172,61984178.364224814,136304254.92495847,26383617.334184594,40392157.126973465,30894696.878274344,378554826.7207292,11960148.915392848,3562309.0109163374,7833578.399180721,1516299.7950917075,2321387.991652212,21756024.162276264,38303119.07498181,7431710.4622968715,2213521.698905351,4867572.047659736,942187.3532576754,1442447.209198934,13518600.272332923,6783797.547409374,2213521.755124605,4867571.718375538,942187.3853829633,1442447.4260446264,1103282.8935183664,13518600.497209938,7431710.189231927,21874089.880374823
New Jersey - Southern NJ Light Rail Transit System,LRT,"Trenton, NJ",2002,Light Rail Transit,28.01,28.01,0.0,0.0,0.0,0.0,1052248282,37570766,718905951,591928114,221966506,0.37,20,5568791.0,20,2328067.0,111375825,126977837,73953066,102109223,87251738,46561346,282052741,0.21,0.11,0.12,0.07,0.1,0.08,0.04,0.27,7925365,4533773,2640511,3645833,3115343,10070758,45.077613400000004,45.077613400000004,0.0,0.0,0.0,23345449.687449515,4924605.738998596,2817162.936359004,1640741.546223918,2265421.228578175,1935789.2055128189,6257694.458597935,2470756.914561941,2816871.334186472,1640571.9030369073,2265186.9808174004,1935589.1188329859,1032915.0655522502,6257046.895921069,4924096.225555721,13131309.964160612,1183238572.616762,42247804.33897479,808399753.0413034,665614939.6317968,249598251.87737384,6262028.103782706,2617878.9941100487,125240567.69808465,142784813.4095066,83159195.17412259,114820402.50413698,98113367.0593645,52357586.62911761,317164388.2650551,8911962.823301472,5098164.743868325,2969217.930848433,4099688.5513746906,3503159.9172823555,11324427.442580359,26251633.799554348,5537650.728436174,3167860.578789022,1844991.0714009677,2547434.6945795733,2176768.064723648,7036690.4709883295,2778331.820426071,3167532.6761976834,1844800.3099942862,2547171.286227344,2176543.0700322855,1161498.6393471665,7035962.295755772,5537077.787649109,14765975.601356853
"Washington, D.C. - Glenmont Outer (B)",HRT,"Washington, DC",1996,Heavy Rail Transit,1.57,0.0,0.0,1.57,1.57,1.0,421063965,267535227,301101453,298338215,119962512,0.4,0,,1,64929907.0,0,2763238,30208116,11072250,56875496,64929907,135252446,0.28,,0.01,0.07,0.03,0.14,0.15,0.32,76221668,1755703,19193604,7035076,36137499,85936572,2.5266638,0.0,0.0,2.5266638,2.5266638,166239096.15121728,47362066.437173,1090945.9778542756,11926382.243652677,4371404.426659376,22454856.649309654,53398642.92194316,0.0,1093631.0560985596,11955732.298060391,4382161.963930461,22510116.30435359,25697881.530577987,53530052.55388548,47478620.622181706,118075944.6508079,473480578.1578403,300839645.4860464,338584400.23621064,335477177.4990958,134896177.9216297,,73012778.25114956,0.0,3107222.7371148095,33968606.71451452,12450591.281322654,63955704.99388123,73012778.25114956,152089496.25822783,85710206.60197069,1974263.6288371405,21582941.011949662,7910845.2129460815,40636115.51204192,96634481.16597408,186933553.80842236,53257985.635086864,1226753.5939187123,13411051.121546509,4915583.53918133,25250174.30253515,60046032.016835526,0.0,1229772.9270965173,13444054.849922858,4927680.240371772,25312313.016825285,28896910.72122439,60193800.32207998,53389049.19666387,132774759.15042427
"Washington, D.C. - Greenbelt Mid (E)",HRT,"Washington, DC",1996,Heavy Rail Transit,2.91,0.0,0.0,2.91,2.91,1.0,1028550957,353219451,773866789,740189829,254684168,0.34,0,,2,104797035.0,0,33676960,39841013,89981578,0,209594071,400773168,0.25,,0.03,0.04,0.09,,0.2,0.39,87462270,11565161,13681987,30900991,0,137631371,4.6831794,0.0,0.0,4.6831794,4.6831794,219480936.90581232,54346670.06350429,7186275.740365616,8501613.70499708,19201033.34286105,0.0,85520381.64713486,0.0,7191046.322077689,8507257.484092964,19213779.85220895,0.0,44754653.43053055,85577154.699647,54382748.60877633,158052845.2529493,1156591259.9173856,397190364.8322766,870202451.717452,832333178.1228844,286388808.1999335,,117842809.75226039,0.0,37869273.594567664,44800665.546466395,101183034.20952871,0.0,235685620.6290069,450663858.86236846,98350107.36812192,13004862.852057422,15385204.276761264,34747735.02484407,0.0,154764564.36669004,246803263.96676686,61112075.36513224,8080867.220138332,9559946.485367456,21591295.204769704,0.0,96166480.89694536,0.0,8086231.672988581,9566292.836543137,21605628.4774247,0.0,50325985.937888026,96230321.40566054,61152645.18799633,177728228.4174047
"Washington, D.C. - Anacostia Outer (F)",HRT,"Washington, DC",1998,Heavy Rail Transit,6.67,0.0,2.0,4.67,2.89,0.43,1413595473,211894847,1063229601,1007539448,350365872,0.35,0,,5,53237240.0,0,55690153,96663361,75358576,155722863,266186198,413608450,0.25,,0.04,0.07,0.05,0.11,0.19,0.29,52519072,8347831,14489625,11296084,23342514,61998995,10.7342978,0.0,3.21868,7.5156178,4.6509926,131665680.9623821,32633919.494948238,5187114.593560093,9003457.939279456,7019078.628506096,14504401.804466426,38524485.19268768,0.0,5188057.387414759,9005094.026737362,7020354.512616559,14507037.712331774,24797728.082408894,38531486.42848347,32639850.18190943,93861700.76257806,1589568468.1479352,238272811.27281246,1195586913.2520278,1132964109.991866,393981554.8959073,,59864536.67372771,0.0,62622803.26016164,108696606.35281396,84739671.64022584,175108195.7479647,299322681.11966634,465096955.1311953,59056966.73633243,9387019.970336199,16293381.986013211,12702289.504255082,26248332.659807358,69717008.43078569,148056228.8098304,36696389.039191484,5832838.287954192,10124263.353929691,7892856.390977099,16309998.297318997,43320248.319674954,0.0,5833898.446544089,10126103.111543445,7894291.104931507,16312962.339088887,27884700.6759647,43328121.112048455,36703058.01427526,105546178.34357698
